<core:View xmlns:core="sap.ui.core" xmlns:mvc="sap.ui.core.mvc" xmlns="sap.m"
		controllerName="panel-combo.PersonData" xmlns:html="http://www.w3.org/1999/xhtml">
	<Page title="Exercise: Aggregation Binding of a ComboBox">
		<content>
			<Panel headerText="Enter Data">
				<FlexBox
					alignItems="Center"
					justifyContent="SpaceAround" >
					<items>
						<Label text="First Name" />
						<Input
							type="Text" 
							placeholder="Enter First Name..." 
							value="{/firstName}" />
					</items>
				</FlexBox>
				<FlexBox
					alignItems="Center"
					justifyContent="SpaceAround" >
					<items>
						<Label text="Last Name" />
						<Input
							type="Text" 
							placeholder="Enter Last Name..." 
							value="{/lastName}" />
					</items>
				</FlexBox>
				<FlexBox
					alignItems="Center"
					justifyContent="SpaceAround" >
					<items>
						<Label text="Country" />
						<ComboBox
							items="{Countries>/CountryCollection}"
							selectedKey="{/countryCode}">
							<core:Item 
								key="{Countries>CountryCode}"
								text="{Countries>Name}" />
						</ComboBox>
					</items>
				</FlexBox>
				<FlexBox
					alignItems="Center"
					justifyContent="SpaceAround" >
					<items>
						<Button
							text="Submit"
							press="onButtonPressed" />
					</items>
				</FlexBox>
			</Panel>
		</content>
	</Page>
</core:View>